processor_name,rank,line,datetime
sdumont1484,0,0,19:03:53
sdumont1484,0,1,19:03:54
sdumont1484,1,2,19:03:53
sdumont1484,1,3,19:03:54
sdumont1484,2,4,19:03:53
sdumont1484,2,5,19:03:54
sdumont1484,3,6,19:03:53
sdumont1484,3,7,19:03:54
sdumont1484,4,8,19:03:53
sdumont1484,4,9,19:03:54
sdumont1484,5,10,19:03:53
sdumont1484,5,11,19:03:54
sdumont1484,6,12,19:03:53
sdumont1484,6,13,19:03:54
sdumont1484,7,14,19:03:53
sdumont1484,7,15,19:03:54
sdumont1484,8,16,19:03:53
sdumont1484,8,17,19:03:54
sdumont1484,9,18,19:03:53
sdumont1484,9,19,19:03:54
sdumont1484,10,20,19:03:53
sdumont1484,10,21,19:03:54
sdumont1484,11,22,19:03:53
sdumont1484,11,23,19:03:54
sdumont1484,12,24,19:03:53
sdumont1484,12,25,19:03:54
sdumont1484,13,26,19:03:53
sdumont1484,13,27,19:03:54
sdumont1484,14,28,19:03:53
sdumont1484,14,29,19:03:54
sdumont1484,15,30,19:03:53
sdumont1484,15,31,19:03:54
sdumont1484,16,32,19:03:53
sdumont1484,16,33,19:03:54
sdumont1484,17,34,19:03:53
sdumont1484,17,35,19:03:54
sdumont1484,18,36,19:03:53
sdumont1484,18,37,19:03:54
sdumont1484,19,38,19:03:53
sdumont1484,19,39,19:03:54
sdumont1484,20,40,19:03:53
sdumont1484,20,41,19:03:54
sdumont1484,21,42,19:03:53
sdumont1484,21,43,19:03:54
sdumont1484,22,44,19:03:53
sdumont1484,22,45,19:03:54
sdumont1484,23,46,19:03:53
sdumont1484,23,47,19:03:54
sdumont1485,24,48,19:03:53
sdumont1485,24,49,19:03:54
sdumont1485,25,50,19:03:53
sdumont1485,25,51,19:03:54
sdumont1485,26,52,19:03:53
sdumont1485,26,53,19:03:54
sdumont1485,27,54,19:03:53
sdumont1485,27,55,19:03:54
sdumont1485,28,56,19:03:53
sdumont1485,28,57,19:03:54
sdumont1485,29,58,19:03:53
sdumont1485,29,59,19:03:54
sdumont1485,30,60,19:03:53
sdumont1485,30,61,19:03:54
sdumont1485,31,62,19:03:53
sdumont1485,31,63,19:03:54
sdumont1485,32,64,19:03:53
sdumont1485,32,65,19:03:54
sdumont1485,33,66,19:03:53
sdumont1485,33,67,19:03:54
sdumont1485,34,68,19:03:53
sdumont1485,34,69,19:03:54
sdumont1485,35,70,19:03:53
sdumont1485,35,71,19:03:54
sdumont1485,36,72,19:03:53
sdumont1485,36,73,19:03:54
sdumont1485,37,74,19:03:53
sdumont1485,37,75,19:03:54
sdumont1485,38,76,19:03:53
sdumont1485,38,77,19:03:54
sdumont1485,39,78,19:03:53
sdumont1485,39,79,19:03:54
sdumont1485,40,80,19:03:53
sdumont1485,40,81,19:03:54
sdumont1485,41,82,19:03:53
sdumont1485,41,83,19:03:54
sdumont1485,42,84,19:03:53
sdumont1485,42,85,19:03:54
sdumont1485,43,86,19:03:53
sdumont1485,43,87,19:03:54
sdumont1485,44,88,19:03:53
sdumont1485,44,89,19:03:54
sdumont1485,45,90,19:03:53
sdumont1485,45,91,19:03:54
sdumont1485,46,92,19:03:53
sdumont1485,46,93,19:03:54
sdumont1485,47,94,19:03:53
sdumont1485,47,95,19:03:54
sdumont1486,48,96,19:03:53
sdumont1486,49,97,19:03:53
sdumont1486,50,98,19:03:53
sdumont1486,51,99,19:03:53
sdumont1486,52,100,19:03:53
sdumont1486,53,101,19:03:53
sdumont1486,54,102,19:03:53
sdumont1486,55,103,19:03:53
sdumont1486,56,104,19:03:53
sdumont1486,57,105,19:03:53
sdumont1486,58,106,19:03:53
sdumont1486,59,107,19:03:53
sdumont1486,60,108,19:03:53
sdumont1486,61,109,19:03:53
sdumont1486,62,110,19:03:53
sdumont1486,63,111,19:03:53
sdumont1486,64,112,19:03:53
sdumont1486,65,113,19:03:53
sdumont1486,66,114,19:03:53
sdumont1486,67,115,19:03:53
sdumont1486,68,116,19:03:53
sdumont1486,69,117,19:03:53
sdumont1486,70,118,19:03:53
sdumont1486,71,119,19:03:53
sdumont1487,72,120,19:03:53
sdumont1487,73,121,19:03:53
sdumont1487,74,122,19:03:53
sdumont1487,75,123,19:03:53
sdumont1487,76,124,19:03:53
sdumont1487,77,125,19:03:53
sdumont1487,78,126,19:03:53
sdumont1487,79,127,19:03:53
sdumont1487,80,128,19:03:53
sdumont1487,81,129,19:03:53
sdumont1487,82,130,19:03:53
sdumont1487,83,131,19:03:53
sdumont1487,84,132,19:03:53
sdumont1487,85,133,19:03:53
sdumont1487,86,134,19:03:53
sdumont1487,87,135,19:03:53
sdumont1487,88,136,19:03:53
sdumont1487,89,137,19:03:53
sdumont1487,90,138,19:03:53
sdumont1487,91,139,19:03:53
sdumont1487,92,140,19:03:53
sdumont1487,93,141,19:03:53
sdumont1487,94,142,19:03:53
sdumont1487,95,143,19:03:53
